ror_id,ror_name,country,activity_type,cordis_project_count,cordis_ec_contribution,cordis_contribution_rows,openalex_from_year,openalex_to_year,openalex_works_count_period,openalex_cited_by_count_period
https://ror.org/006x4sc24,Gdańsk University of Technology,PL,HES,32,6622849.87,32,2021,2026,10472,117826
https://ror.org/023rbaw78,"Université des Sciences, des Techniques et des Technologies de Bamako",ML,HES,14,15997589.04,14,2021,2026,2743,8600
https://ror.org/02a496f07,Witshealth Consortium (Pty) Ltd. (South Africa),ZA,PRC,11,6769281.36,11,2021,2026,0,0
https://ror.org/03y7q9t39,University of Canterbury,NZ,HES,11,1759385.81,11,2021,2026,13703,115263
https://ror.org/01sf06y89,Macquarie University,AU,HES,10,0.0,10,2021,2026,36674,372381
https://ror.org/02gfys938,University of Manitoba,CA,HES,9,100012.5,9,2021,2026,31153,276847
https://ror.org/051ea1411,ELTE Centre for Economic and Regional Studies,HU,REC,9,1452512.92,9,2021,2026,1139,6078
https://ror.org/03fkjvy27,Institut Pasteur de Madagascar,MG,REC,7,3100366.16,7,2021,2026,987,5925
https://ror.org/023f4f524,Fondation Congolaise Pour La Recherche Médicale,CG,OTH,6,7745738.84,6,2021,2026,387,4616
https://ror.org/03prz6j20,Forum for Agricultural Research in Africa,GH,OTH,6,3474431.36,6,2021,2026,0,0
https://ror.org/05bqach95,National Taiwan University,TW,HES,6,48120.0,6,2021,2026,46501,409813
https://ror.org/02e91jd64,Universiti Putra Malaysia,MY,HES,5,0.0,5,2021,2026,34229,273548
https://ror.org/008y40y60,Cyprus Police,CY,PUB,4,606250.0,4,2021,2026,2,0
https://ror.org/00q4vv597,Hong Kong University of Science and Technology,HK,HES,4,0.0,4,2021,2026,36116,511588
https://ror.org/042sjvf54,Institut National de sante publique,BI,HES,4,1216487.53,4,2021,2026,0,0
https://ror.org/045rztm55,University of Sierra Leone,SL,HES,4,1071018.01,4,2021,2026,2113,12068
https://ror.org/008stv805,University of the South Pacific,FJ,HES,3,237000.22,3,2021,2026,2099,21011
https://ror.org/00r8w8f84,Mohammed V University,MA,HES,3,141875.0,3,2021,2026,28369,135714
https://ror.org/00v76vw28,Tajik State University of Commerce,TJ,HES,3,0.0,3,2021,2026,128,47
https://ror.org/01qq57711,Universidad Andrés Bello,CL,HES,3,0.0,3,2021,2026,9053,71509
https://ror.org/03fkc8c64,University of the West Indies,JM,HES,3,0.0,3,2021,2026,1257,9733
https://ror.org/03ht2dx40,Institut Pasteur du Cambodge,KH,REC,3,1383487.5,3,2021,2026,906,4909
https://ror.org/0445phv87,University of Toyama,JP,OTH,3,0.0,3,2021,2026,8756,62025
https://ror.org/044h7tr79,Hilti (Liechtenstein),LI,PRC,3,0.0,3,2021,2026,568,1498
https://ror.org/05gm41t98,Joint Clinical Research Centre,UG,REC,3,1734327.76,3,2021,2026,481,3008
https://ror.org/05n8tts92,Universiti Teknologi MARA,MY,HES,3,417687.5,3,2021,2026,42208,157957
https://ror.org/00376bg92,University of Guam,GU,PUB,2,0.0,2,2021,2026,1354,4665
https://ror.org/00davry38,Tecnológico Nacional de México,MX,HES,2,75000.0,2,2021,2026,14820,57961
https://ror.org/00engpz63,University of Sharjah,AE,HES,2,0.0,2,2021,2026,20597,256516
https://ror.org/00pt67k84,Université de Nouakchott,MR,HES,2,36968.75,2,2021,2026,810,4367
https://ror.org/01ee94y34,Institut Pasteur de Bangui,CF,OTH,2,0.0,2,2021,2026,259,3876
https://ror.org/01eg9n443,Häme University of Applied Sciences,FI,HES,2,663212.0,2,2021,2026,974,3591
https://ror.org/01r4q9n85,University of Macau,MO,HES,2,0.0,2,2021,2026,26951,344474
https://ror.org/01whxzd80,Research and Educational Networking Association of Moldova,MD,OTH,2,399351.0,2,2021,2026,4,1
https://ror.org/020az2v11,North South Consultants Exchange (Egypt),EG,PRC,2,351415.0,2,2021,2026,2,0
https://ror.org/027vmhf17,Malawi University of Science and Technology,MW,HES,2,577055.61,2,2021,2026,1066,4908
https://ror.org/037wrv551,Kosovar Centre for Security Studies,XK,REC,2,286200.0,2,2021,2026,4,25
https://ror.org/03f0njg03,Université des Sciences et Techniques de Masuku,GA,HES,2,150858.0,2,2021,2026,699,2428
https://ror.org/03f27y887,Universidad Nacional de Asunción,PY,HES,2,0.0,2,2021,2026,4656,13549
https://ror.org/03tbncn87,Institut Régional de Santé Publique,BJ,HES,2,568759.38,2,2021,2026,0,0
https://ror.org/03y8mtb59,Jordan University of Science and Technology,JO,HES,2,0.0,2,2021,2026,13428,89455
https://ror.org/04kptf457,Scientific Centre of Monaco,MC,REC,2,0.0,2,2021,2026,1018,17705
https://ror.org/04s11gh14,Universitas Muhammadiyah Pontianak,ID,HES,2,0.0,2,2021,2026,5356,5063
https://ror.org/059f2k568,Ministry of Health,MZ,PUB,2,506661.25,2,2021,2026,553,5657
https://ror.org/05hc3k973,Bolding & Bruggeman,DK,PRC,2,1198843.0,2,2021,2026,96,208
https://ror.org/0079gpv38,Universidad Autónoma del Estado de México,MX,HES,1,207812.5,1,2021,2026,9151,24454
https://ror.org/00c4ccg58,Institut Polytechnique Rural de Formation et de Recherche Appliquée,ML,REC,1,59062.5,1,2021,2026,336,725
https://ror.org/00chfja07,Seoul National University of Science and Technology,KR,PUB,1,0.0,1,2021,2026,7637,65575
https://ror.org/00dn43547,King Faisal University,SA,PRC,1,0.0,1,2021,2026,18359,173571
https://ror.org/00dq20h52,Department of Lands and Natural Resources,MP,OTH,1,0.0,1,2021,2026,32,46
https://ror.org/00gcpds33,Mongolian National University of Medical Sciences,MN,HES,1,0.0,1,2021,2026,2989,9787
https://ror.org/00qemyc07,Mindanao State University – Iligan Institute of Technology,PH,PRC,1,0.0,1,2021,2026,4686,8394
https://ror.org/00s2jha28,Institut des Sciences Agronomiques du Burundi,BI,PUB,1,248750.0,1,2021,2026,132,252
https://ror.org/00sge8677,BRAC University,BD,HES,1,52903.75,1,2021,2026,6155,41040
https://ror.org/00tet8b29,The Botswana Society,BW,REC,1,0.0,1,2021,2026,0,0
https://ror.org/00tt5kf04,Marien Ngouabi University,CG,PRC,1,0.0,1,2021,2026,2478,6759
https://ror.org/00w33ze35,Registered Nurses' Association of Ontario,CA,OTH,1,0.0,1,2021,2026,190,1105
https://ror.org/012ngjb50,Universidad de Moa,CU,HES,1,0.0,1,2021,2026,824,1255
https://ror.org/01dbyc951,Centre for Bhutan Studies and GNH Research,BT,REC,1,207445.0,1,2021,2026,413,2695
https://ror.org/01q07sy43,Ministre de la Santé,BJ,PUB,1,0.0,1,2021,2026,1400,706
https://ror.org/01wajxa36,Bangladesh University of Health Sciences,BD,HES,1,36581.25,1,2021,2026,806,4920
https://ror.org/01wck0s05,Hangzhou City University,CN,PUB,1,0.0,1,2021,2026,3073,22517
https://ror.org/024242h31,Public Authority for Applied Education and Training,KW,HES,1,0.0,1,2021,2026,1916,13176
https://ror.org/024pz1v04,Universidade Federal de Catalão,BR,PUB,1,0.0,1,2021,2026,1294,2440
https://ror.org/0256kw398,Birzeit University,PS,HES,1,0.0,1,2021,2026,1579,17394
https://ror.org/02ck5yd04,University of Ghardaia,DZ,HES,1,0.0,1,2021,2026,1269,4162
https://ror.org/02exbb429,Ministry of Agro Industry and Food Security,MU,REC,1,146625.0,1,2021,2026,66,437
https://ror.org/02f1kft51,University of Juba,SS,PUB,1,0.0,1,2021,2026,1154,3895
https://ror.org/02hw5fp67,National Institute for Environmental Studies,JP,REC,1,0.0,1,2021,2026,5656,60825
https://ror.org/02m457w49,Pontificia Universidad Católica Madre y Maestra,DO,HES,1,0.0,1,2021,2026,860,4172
https://ror.org/02m8qhj08,Anton de Kom University of Suriname,SR,HES,1,148135.0,1,2021,2026,577,1951
https://ror.org/02rm76t37,University of Sri Jayewardenepura,LK,HES,1,0.0,1,2021,2026,5855,38039
https://ror.org/02rz0r794,Facultad Latinoamericana de Ciencias Ecuador,EC,OTH,1,0.0,1,2021,2026,1232,2544
https://ror.org/02v7y7w12,Liechtenstein Institute,LI,REC,1,0.0,1,2021,2026,86,292
https://ror.org/02zhqgq86,University of Hong Kong,HK,PRC,1,0.0,1,2021,2026,92910,1126497
https://ror.org/031xne895,National University of Laos,LA,HES,1,0.0,1,2021,2026,1699,5054
https://ror.org/033dmae14,"Royal University of Agriculture, Cambodia",KH,HES,1,0.0,1,2021,2026,695,2062
https://ror.org/034s8ev31,Instituto de Investigaciones en Ciencia y Tecnología de Materiales,AR,REC,1,0.0,1,2021,2026,923,7628
https://ror.org/03ay59x86,University of French Polynesia,PF,HES,1,55200.0,1,2021,2026,1842,10198
https://ror.org/03eyq4y97,Hamad bin Khalifa University,QA,HES,1,0.0,1,2021,2026,9323,118576
https://ror.org/03fd5ne08,"Ministerio de Ciencia, Tecnología e Innovación",CO,PUB,1,20812.5,1,2021,2026,0,0
https://ror.org/03gg1ey66,Namibia University of Science and Technology,NA,HES,1,112270.0,1,2021,2026,2049,11689
https://ror.org/03nyjqm54,Universidad del Valle de Guatemala,GT,HES,1,270000.0,1,2021,2026,1251,3735
https://ror.org/03pbhyy22,Tishk International University,IQ,HES,1,0.0,1,2021,2026,3027,26978
https://ror.org/03rk9qf06,University of Kabianga,KE,HES,1,175371.0,1,2021,2026,520,1257
https://ror.org/03sbpft28,University of El Salvador,SV,HES,1,0.0,1,2021,2026,2021,3255
https://ror.org/03sz0wa77,National Institute of Health Somalia,SO,REC,1,306375.0,1,2021,2026,0,0
https://ror.org/03z97cd47,Fundació Privada Centre CIM,ES,REC,1,386250.0,1,2021,2026,212,2290
https://ror.org/03zkxs276,"Czech Academy of Sciences, Centre of Administration and Operations",CZ,PUB,1,52500.0,1,2021,2026,29,13
https://ror.org/040me2j46,Centro de Estudios Fotosintéticos y Bioquímicos,AR,REC,1,0.0,1,2021,2026,232,1225
https://ror.org/045m93336,National University of Equatorial Guinea,GQ,HES,1,0.0,1,2021,2026,183,1613
https://ror.org/04a1r5z94,Hashemite University,JO,REC,1,87250.0,1,2021,2026,7804,59800
https://ror.org/04m1ha467,Sebha University,LY,HES,1,4890.0,1,2021,2026,1325,8242
https://ror.org/04q4xms21,Independent Expert Consulting Board to Promote Scientific Research Activity in Kazakhstan,KZ,REC,1,36062.5,1,2021,2026,111,177
https://ror.org/04sqtjj61,Institut Pasteur de Nouvelle Calédonie,NC,REC,1,2518.0,1,2021,2026,140,789
https://ror.org/04vpcaw67,International Water Management Institute,LK,REC,1,665067.5,1,2021,2026,823,9095
https://ror.org/04xr5we72,Universidad Científica del Sur,PE,HES,1,154200.0,1,2021,2026,6733,28818
https://ror.org/04xreqs31,Institute for Research in Fundamental Sciences,IR,REC,1,0.0,1,2021,2026,3710,30911
https://ror.org/04ycjft64,Mongolian University of Life Sciences,MN,HES,1,0.0,1,2021,2026,1350,4497
https://ror.org/050dyr068,Solomon Islands National University,SB,HES,1,140850.0,1,2021,2026,63,377
https://ror.org/050qmg959,Singapore Management University,SG,HES,1,0.0,1,2021,2026,8189,71156
https://ror.org/053c1ry09,"Njawara Agricultural Training Centre, Gambia",GM,OTH,1,136875.0,1,2021,2026,0,0
https://ror.org/053ykx779,Ministry of Health,SZ,PUB,1,93022.5,1,2021,2026,302,2020
https://ror.org/0579ray12,Centre National de la Recherche Appliquée au Developpement Rural,MG,REC,1,73600.0,1,2021,2026,642,2327
https://ror.org/057a6gk14,University of Gibraltar,GI,HES,1,0.0,1,2021,2026,428,5060
https://ror.org/0595gz585,University of Gondar,ET,HES,1,676500.0,1,2021,2026,11330,73930
https://ror.org/05hgtp764,Joseph Sarwuan Tarka University Makurdi,NG,HES,1,314107.5,1,2021,2026,2648,8600
https://ror.org/05jv9bv25,"iNGR, Inc. (South Korea)",KR,PRC,1,471800.0,1,2021,2026,0,0
https://ror.org/05jxf0p38,University of Papua New Guinea,PG,HES,1,0.0,1,2021,2026,698,3733
https://ror.org/05k903r09,Ardhi University,TZ,REC,1,198157.5,1,2021,2026,828,3202
https://ror.org/05sj7yp62,University of Carabobo,VE,HES,1,62025.0,1,2021,2026,1747,2753
