case_id,query,country,city,expected_ror_id,stratum,source,notes,adjudication_status,adjudication_confidence,adjudication_basis,adjudicated_at
case-8e434bdfefa1,SERVEI ANDORRÀ D'ATENCIÓ SANITÀRIA,AD,Escaldes-Engordany,,multilingual,CORDIS:881160029,CORDIS organisationID=881160029; activityType=PUB,no_match,high,No corresponding organisation found in official ROR affiliation/name searches or the pinned v2.8 dump.,2026-07-17
case-64357354108a,Technology Innovation Institute - Sole Proprietorship LLC,AE,Abu Dhabi,https://ror.org/001kv2y39,standard,CORDIS:888545027,CORDIS organisationID=888545027; shortName=Technology Innovation Institute - Sole Proprietorship LLC; activityType=PRC,match,high,Official ROR affiliation endpoint selected the same-country record; pinned v2.8 record corroborates it.,2026-07-17
case-050529721176,BILIM ORGANIZATION FOR RESEARCH AND SOCIAL STUDIES,AF,KABUL,,standard,CORDIS:887157636,CORDIS organisationID=887157636; shortName=Bilim Organization for Research and Social Studies; activityType=REC,no_match,high,No corresponding organisation found in official ROR affiliation/name searches or the pinned v2.8 dump.,2026-07-17
case-de1e90daeda6,LADAR LIMITED,AI,The Valley,,short_name,CORDIS:929987501,CORDIS organisationID=929987501; activityType=PRC,no_match,high,No corresponding organisation found in official ROR affiliation/name searches or the pinned v2.8 dump.,2026-07-17
case-3484ce55566c,QENDREN NDERINSTITUCIONALE TE RRJETI AKADEMIK SHQIPTAR,AL,TIRANA,,standard,CORDIS:931545612,CORDIS organisationID=931545612; shortName=RASH - ACADEMIC NETWORK OF ALBANIA; activityType=REC,no_match,high,No corresponding organisation found in official ROR affiliation/name searches or the pinned v2.8 dump.,2026-07-17
case-afbfe64ffc00,Educational Complex of the Ministry of Internal Affairs of the Republic of Armenia,AM,Yerevan,,standard,CORDIS:870889184,CORDIS organisationID=870889184; shortName=MIA Educational Complex; activityType=HES,no_match,high,No corresponding organisation found in official ROR affiliation/name searches or the pinned v2.8 dump.,2026-07-17
case-f80724608560,UNIVERSIDADE DO NAMIBE,AO,Mocamedes,,standard,CORDIS:887482392,CORDIS organisationID=887482392; activityType=HES,no_match,high,No corresponding organisation found in official ROR affiliation/name searches or the pinned v2.8 dump.,2026-07-17
case-20f403e9ab06,INSTITUTO DE INVESTIGACIONES EN CIENCIA Y TECNOLOGIA DE MATERIALES,AR,Mar Del Plata,https://ror.org/034s8ev31,standard,CORDIS:998459413,CORDIS organisationID=998459413; shortName=INTEMA; activityType=REC,match,high,Official ROR name search and the pinned v2.8 dump identify the same-country record.,2026-07-17
case-eccb355dc9c8,OPEN KNOWLEDGE MAPS - VEREIN ZUR FORDERUNG DER SICHTBARKEIT WISSENSCHAFTLICHEN WISSENS,AT,WIEN,,standard,CORDIS:911513657,CORDIS organisationID=911513657; activityType=REC,no_match,high,No corresponding organisation found in official ROR affiliation/name searches or the pinned v2.8 dump.,2026-07-17
case-071705c84d97,INNOVATIVE DRONE SOLUTIONS PTY LTD,AU,Gold Coast,,standard,CORDIS:882980525,CORDIS organisationID=882980525; shortName=Sixarms; activityType=PRC,no_match,high,No corresponding organisation found in official ROR affiliation/name searches or the pinned v2.8 dump.,2026-07-17
case-4ae2b8a871c3,Stichting Monumentenfonds Aruba,AW,oranjestad,,standard,CORDIS:875447796,CORDIS organisationID=875447796; shortName=Stichting MonumentenfondsAruba; activityType=OTH,no_match,high,No corresponding organisation found in official ROR affiliation/name searches or the pinned v2.8 dump.,2026-07-17
case-8c62a839831a,ADA UNIVERSITETI,AZ,Baku,https://ror.org/053ez2v94,short_name,CORDIS:907328495,CORDIS organisationID=907328495; activityType=HES,match,high,Official ROR affiliation endpoint selected the same-country record; pinned v2.8 record corroborates it.,2026-07-17
case-08a516e61678,VISOKOSKOLSKA USTANOVA INTERNACIONALNI BURC UNIVERZITET-INTERNATIONAL BURCH UNIVERSITY,BA,Sarajevo,https://ror.org/040cm8d21,standard,CORDIS:949759496,CORDIS organisationID=949759496; shortName=International Burch University; activityType=HES,match,high,Official ROR affiliation endpoint selected the same-country record; pinned v2.8 record corroborates it.,2026-07-17
case-9d6e2cbff5f0,BRAC UNIVERSITY,BD,Dhaka,https://ror.org/00sge8677,short_name,CORDIS:955450486,CORDIS organisationID=955450486; shortName=BRACU; activityType=HES,match,high,Official ROR affiliation endpoint selected the same-country record; pinned v2.8 record corroborates it.,2026-07-17
case-b4f90e172a0d,ZAZ VENTURES,BE,TOURNAI,,short_name,CORDIS:950322193,CORDIS organisationID=950322193; activityType=PRC,no_match,high,No corresponding organisation found in official ROR affiliation/name searches or the pinned v2.8 dump.,2026-07-17
case-04c4f7ad223c,CONFEDERATION PAYSANNE DU FASO,BF,Ouagadougou,,standard,CORDIS:903761708,CORDIS organisationID=903761708; shortName=CONFEDERATION PAYSANNE DU FASO; activityType=PRC,no_match,high,No corresponding organisation found in official ROR affiliation/name searches or the pinned v2.8 dump.,2026-07-17
case-041573c9b1de,EVROPEYSKI INSTITUT PO ZDRAVEOPAZVANE,BG,SOFIA,,standard,CORDIS:875564875,CORDIS organisationID=875564875; shortName=EUROPEAN HEALTH INSTITUTE ASSOCIATION; activityType=REC,no_match,high,No corresponding organisation found in official ROR affiliation/name searches or the pinned v2.8 dump.,2026-07-17
case-acdba8bc6ecc,INSTITUT NATIONAL DE SANTE PUBLIQUE,BI,Bujumbura,https://ror.org/042sjvf54,standard,CORDIS:883987579,CORDIS organisationID=883987579; shortName=NATIONAL PUBLIC HEALTH INSTITUTE INSP; activityType=HES,match,high,Official ROR name search and the pinned v2.8 dump identify the same-country record.,2026-07-17
case-8e95a5535a15,INSTITUT REGIONAL DE SANTE PUBLIQUE COMLAN ALFRED QUENUM DE OUIDAH,BJ,OUIDAH,https://ror.org/03tbncn87,standard,CORDIS:989707976,CORDIS organisationID=989707976; shortName=IRSP-CAQ; activityType=HES,match,high,"Official ROR aliases include the full Comlan Alfred Quenum name; country, city and website agree.",2026-07-17
case-1a6db0ea2541,Fundacion Amigos de la Naturaleza,BO,Montero,,standard,CORDIS:914349549,CORDIS organisationID=914349549; shortName=FUNDACION AMIGOS DE LA NATURALEZA; activityType=OTH,no_match,high,No corresponding organisation found in official ROR affiliation/name searches or the pinned v2.8 dump.,2026-07-17
case-57d30c372109,COOPERATIE WOLFS COMPANY UA,BQ,Kralendijk,,standard,CORDIS:918059508,CORDIS organisationID=918059508; activityType=PRC,no_match,high,No corresponding organisation found in official ROR affiliation/name searches or the pinned v2.8 dump.,2026-07-17
case-311a7002659e,AGENCIA DE ATRAÇÃO DE INVESTIMENTOS ESTRATEGICOS DO PIAUI S/A,BR,Teresina,,multilingual,CORDIS:882353129,CORDIS organisationID=882353129; shortName=INVESTE PIAUÍ; activityType=PRC,no_match,high,No corresponding organisation found in official ROR affiliation/name searches or the pinned v2.8 dump.,2026-07-17
case-e09841bc4c00,ROYAL THIMPHU COLLEGE,BT,Thimphu,,standard,CORDIS:923324474,CORDIS organisationID=923324474; shortName=ROYAL THIMPHU COLLEGE; activityType=HES,no_match,high,No Bhutan ROR record found; the API-selected Royal Ottawa Health Care Group is a Canadian false positive.,2026-07-17
case-2c7d1d783c35,BOTSWANA MEDICINES REGULATORY AUTHORITY,BW,Gaborone,,standard,CORDIS:885354503,CORDIS organisationID=885354503; activityType=PUB,no_match,high,No corresponding organisation found in official ROR affiliation/name searches or the pinned v2.8 dump.,2026-07-17
case-553d5c1f5ac5,HEALTHY REEFS FOR HEALTHY PEOPLE BELIZE LTD,BZ,LORD'S BANK,,standard,CORDIS:869372783,CORDIS organisationID=869372783; shortName=Healthy Reefs for Healthy People; activityType=OTH,no_match,high,No corresponding organisation found in official ROR affiliation/name searches or the pinned v2.8 dump.,2026-07-17
case-c40b15aa2d59,Registered Nurses Association of Ontario,CA,Toronto,https://ror.org/00w33ze35,standard,CORDIS:889726390,CORDIS organisationID=889726390; shortName=Registered Nurses' Association of Ontario; activityType=OTH,match,high,Official ROR affiliation endpoint selected the same-country record; pinned v2.8 record corroborates it.,2026-07-17
case-51c325fc6ceb,ASSOCIATION PAYSANNE POUR LE DEVELOPPEMENT INTEGRE AU SUD-KIVU,CD,CYANGUNGU RWANDA,,standard,CORDIS:888242484,CORDIS organisationID=888242484; activityType=OTH,no_match,high,No corresponding organisation found in official ROR affiliation/name searches or the pinned v2.8 dump.,2026-07-17
case-a03570dd789b,INSTITUT CENTRAFRICAIN DE RECHERCHE AGRONOMIQUE,CF,BANGUI,,standard,CORDIS:873539418,CORDIS organisationID=873539418; activityType=PUB,no_match,high,No corresponding organisation found in official ROR affiliation/name searches or the pinned v2.8 dump.,2026-07-17
case-08e426a463db,FONDATION CONGOLAISE POUR LA RECHERCHE MEDICALE,CG,BRAZZAVILLE,https://ror.org/023f4f524,standard,CORDIS:892581488,CORDIS organisationID=892581488; activityType=OTH,match,high,Official ROR name search and the pinned v2.8 dump identify the same-country record.,2026-07-17
case-faefe55dc328,Stadt Dietikon,CH,Dietikon,,short_name,CORDIS:876456790,CORDIS organisationID=876456790; shortName=Stadt Dietikon; activityType=PUB,no_match,high,No corresponding organisation found in official ROR affiliation/name searches or the pinned v2.8 dump.,2026-07-17
case-f75228608552,ALTERNATIVE COMMUNAUTAIRE POUR LE DEVELOPPEMENT DURABLE (ACDD),CI,BOUAKE,,standard,CORDIS:892961728,CORDIS organisationID=892961728; activityType=OTH,no_match,high,No corresponding organisation found in official ROR affiliation/name searches or the pinned v2.8 dump.,2026-07-17
case-c4034ea03d83,UNIVERSIDAD ANDRES BELLO,CL,Santiago,https://ror.org/01qq57711,standard,CORDIS:969073360,CORDIS organisationID=969073360; shortName=UNAB; activityType=HES,match,high,Official ROR affiliation endpoint selected the same-country record; pinned v2.8 record corroborates it.,2026-07-17
case-3ea4c7b4bf79,CAMEROON FORUM FOR AGRICULTURAL ADVISORY SERVICES (CAMFAAS),CM,Yaounde,,standard,CORDIS:889396590,CORDIS organisationID=889396590; shortName=CAMFAAS; activityType=OTH,no_match,high,No corresponding organisation found in official ROR affiliation/name searches or the pinned v2.8 dump.,2026-07-17
case-f136b29a1df3,Hangzhou City University,CN,Hangzhou,https://ror.org/01wck0s05,standard,CORDIS:879662155,CORDIS organisationID=879662155; shortName=Hangzhou City University; activityType=PUB,match,high,Official ROR affiliation endpoint selected the same-country record; pinned v2.8 record corroborates it.,2026-07-17
case-6f5c4aae08bd,MINISTERIO DE  CIENCIA TECNOLOGIA E  INNOVACION MINCIENCIAS,CO,Bogota,https://ror.org/03fd5ne08,standard,CORDIS:950832122,CORDIS organisationID=950832122; activityType=PUB,match,high,MinCiencias is the official short name; Colombian country and official website agree.,2026-07-17
case-7cc14fade058,Ministerio de Ciencia y Tecnologia de Costa Rica,CR,San Jose,https://ror.org/05dbsyw70,standard,CORDIS:958320134,CORDIS organisationID=958320134; shortName=MICIT; activityType=PUB,match,high,Same Costa Rican ministry under its current telecommunications-inclusive name; MICIT website agrees.,2026-07-17
case-e9cac5b26752,Universidad de Moa,CU,Moa,https://ror.org/012ngjb50,standard,CORDIS:891240754,CORDIS organisationID=891240754; shortName=UMoa; activityType=HES,match,high,Official ROR affiliation endpoint selected the same-country record; pinned v2.8 record corroborates it.,2026-07-17
case-6417e00055fa,Universidade Lusófona de Cabo Verde,CV,Mindelo,,multilingual,CORDIS:867275546,CORDIS organisationID=867275546; shortName=Cooperativa de Formação e Animação Cultural - Sucursal de Cabo Verde; activityType=PRC,no_match,medium,No separate Cape Verde branch record found; rejected both University of Cape Verde and the Portuguese Lusofona parent as different entities.,2026-07-17
case-b9c20ea249e4,STICHTING SECRETARIAAT CURACAOS INFORMATICA STIMULERINGSPLAN,CW,WILLEMSTAD,,standard,CORDIS:907773531,CORDIS organisationID=907773531; activityType=OTH,no_match,high,No corresponding organisation found in official ROR affiliation/name searches or the pinned v2.8 dump.,2026-07-17
case-691255657d81,Cyprus police,CY,Nicosia,https://ror.org/008y40y60,short_name,CORDIS:999810623,CORDIS organisationID=999810623; activityType=PUB,match,high,Official ROR affiliation endpoint selected the same-country record; pinned v2.8 record corroborates it.,2026-07-17
case-fefb10505ea8,STREDISKO SPOLECNYCH CINNOSTI AV CR v.v.i.,CZ,Prague 1,https://ror.org/03zkxs276,standard,CORDIS:998241163,"CORDIS organisationID=998241163; shortName=SSC AV CR, v.v.i.; activityType=PUB",match,high,Official ROR affiliation endpoint selected the same-country record; pinned v2.8 record corroborates it.,2026-07-17
case-53e8ffdfea1d,REDIMI GMBH,DE,Berlin,,short_name,CORDIS:886434404,CORDIS organisationID=886434404; activityType=PRC,no_match,high,No corresponding organisation found in official ROR affiliation/name searches or the pinned v2.8 dump.,2026-07-17
case-00352f44fe7c,GLOBAL SUSTAINABLE TRANSFORMATION GST GmbH,DE;HU,Dachau,,standard,CORDIS:890066569,CORDIS organisationID=890066569; shortName=GST; activityType=PRC,no_match,high,No corresponding organisation found in official ROR affiliation/name searches or the pinned v2.8 dump.,2026-07-17
case-c114ecf96cf4,ASSOCIATION INSTITUT DE RECHERCHE INDEPENDANT DE LA CORNE D'AFRIQUE,DJ,Djibouti,,standard,CORDIS:872198975,CORDIS organisationID=872198975; shortName=IRICA; activityType=REC,no_match,high,No corresponding organisation found in official ROR affiliation/name searches or the pinned v2.8 dump.,2026-07-17
case-7c526c2b3ac7,BOLDING & BRUGGEMAN APS,DK,Asperup,https://ror.org/05hc3k973,standard,CORDIS:998704241,CORDIS organisationID=998704241; shortName=BB; activityType=PRC,match,high,Official ROR affiliation endpoint selected the same-country record; pinned v2.8 record corroborates it.,2026-07-17
case-fc5e7d5707dd,PONTIFICIA UNIVERSIDAD CATOLICA MADRE Y MAESTRA,DO,Santiago De Los Caballeros,https://ror.org/02m457w49,standard,CORDIS:914352362,CORDIS organisationID=914352362; activityType=HES,match,high,Official ROR affiliation endpoint selected the same-country record; pinned v2.8 record corroborates it.,2026-07-17
case-d9afbb5a1804,UNIVERSITE DE GHARDAIA,DZ,Ghardaia,https://ror.org/02ck5yd04,standard,CORDIS:932844539,CORDIS organisationID=932844539; activityType=HES,match,high,Official Arabic/English ROR record for the University of Ghardaia; country and city agree.,2026-07-17
case-5ba9f43adb1f,Facultad Latinoamericana de Ciencias Sociales,EC,Quito,https://ror.org/02rz0r794,standard,CORDIS:918467587,CORDIS organisationID=918467587; activityType=OTH,match,high,Official ROR name search and the pinned v2.8 dump identify the same-country record.,2026-07-17
case-9f3d9c8c3a6b,MDSC SYSTEMS OU,EE,Tallinn,,standard,CORDIS:888587610,CORDIS organisationID=888587610; activityType=PRC,no_match,high,No corresponding organisation found in official ROR affiliation/name searches or the pinned v2.8 dump.,2026-07-17
case-cb5daafce7ba,NORTH-SOUTH CONSULTANTS EXCHANGE LLC,EG,CAIRO,https://ror.org/020az2v11,standard,CORDIS:998147558,CORDIS organisationID=998147558; shortName=North South Consultants Exchange; activityType=PRC,match,high,Official ROR name search and the pinned v2.8 dump identify the same-country record.,2026-07-17
case-9e6628678946,ENVECO ANONYMI ETAIRIA PROSTASIAS KAI DIAHIRISIS PERIVALLONTOS A.E.,EL,MAROUSI,,standard,CORDIS:901548653,CORDIS organisationID=901548653; shortName=ENVECO S.A. ENVIRONMENTAL PROTECTION  AND MANAGEMENT; activityType=PRC,no_match,high,No corresponding organisation found in official ROR affiliation/name searches or the pinned v2.8 dump.,2026-07-17
case-20bb0c3333d6,CENTRE CIM FUNDACIO PRIVADA,ES,Barcelona,https://ror.org/03z97cd47,standard,CORDIS:965891760,CORDIS organisationID=965891760; shortName=FCIM; activityType=REC,match,high,Official ROR name is the reordered Catalan form 'Fundacio Privada Centre CIM'; website agrees.,2026-07-17
case-57121d7e26b1,UNIVERSITY OF GONDAR,ET,Gondar,https://ror.org/0595gz585,standard,CORDIS:954624434,CORDIS organisationID=954624434; shortName=GONDER UNIVERSITY UOG; activityType=HES,match,high,Official ROR affiliation endpoint selected the same-country record; pinned v2.8 record corroborates it.,2026-07-17
case-6ddf9d773bc0,HAMEEN AMMATTIKORKEAKOULU OY,FI,HAMEENLINNA,https://ror.org/01eg9n443,standard,CORDIS:949666473,CORDIS organisationID=949666473; shortName=HAME UNIVERSITY OF APPLIED SCIENCE LTD; activityType=HES,match,high,Official ROR affiliation endpoint selected the same-country record; pinned v2.8 record corroborates it.,2026-07-17
case-b283c207a030,UNIVERSITY OF THE SOUTH PACIFIC,FJ,Suva,https://ror.org/008stv805,standard,CORDIS:997324028,CORDIS organisationID=997324028; shortName=USP; activityType=HES,match,high,Official ROR affiliation endpoint selected the same-country record; pinned v2.8 record corroborates it.,2026-07-17
case-ba21e43234de,PF FIRUM,FO,HVALVIK,,short_name,CORDIS:934035602,CORDIS organisationID=934035602; activityType=PRC,no_match,high,No PF Firum record found in official searches or the pinned dump.,2026-07-17
case-4b63670ad48b,ARWIN,FR,Paris,,acronym,CORDIS:889521526,CORDIS organisationID=889521526; shortName=ARWIN; activityType=PRC,no_match,high,No corresponding organisation found in official ROR affiliation/name searches or the pinned v2.8 dump.,2026-07-17
case-1e69d6815dd9,UNIVERSITE DES SCIENCES ET TECHNIQUE DE MASUKU,GA,FRANCEVILLE,https://ror.org/03f0njg03,standard,CORDIS:919053758,CORDIS organisationID=919053758; activityType=HES,match,high,Official ROR record is the accented French form of the same Masuku university.,2026-07-17
case-a00f1305cb64,GEORGIAN INSTITUTE FOR RESEARCH & INNOVATION,GE,Tbilisi,,standard,CORDIS:873604408,CORDIS organisationID=873604408; shortName=GIRI; activityType=OTH,no_match,high,No corresponding organisation found in official ROR affiliation/name searches or the pinned v2.8 dump.,2026-07-17
case-3c295ef4a85f,"FORUM FOR AGRICULTURAL RESEARCH IN AFRICA, GHANA",GH,ACCRA,https://ror.org/03prz6j20,standard,CORDIS:998296065,CORDIS organisationID=998296065; shortName=FARA; activityType=OTH,match,high,Official ROR affiliation endpoint selected the same-country record; pinned v2.8 record corroborates it.,2026-07-17
case-2b7707d54bf2,UNIVERSITY OF GIBRALTAR,GI,Gibraltar,https://ror.org/057a6gk14,standard,CORDIS:926738874,CORDIS organisationID=926738874; activityType=HES,match,high,Official ROR affiliation endpoint selected the same-country record; pinned v2.8 record corroborates it.,2026-07-17
case-c8a2a0c20cae,GRONLANDS NATURINSTITUT,GL,Nuuk,https://ror.org/0342y5q78,short_name,CORDIS:998297908,CORDIS organisationID=998297908; activityType=REC,match,high,Official ROR affiliation endpoint selected the same-country record; pinned v2.8 record corroborates it.,2026-07-17
case-394a8d3283c0,THE NATIONAL SEED SECRETARIAT,GM,BANJUL,,standard,CORDIS:885727468,CORDIS organisationID=885727468; shortName=National Seed Secretariat; activityType=REC,no_match,high,No corresponding organisation found in official ROR affiliation/name searches or the pinned v2.8 dump.,2026-07-17
case-f2a131d1a75f,CENTRE NATIONAL DE FORMATION ET DE RECHERCHE EN SANTE RURALE DE MAFERINYAH,GN,FORECARIAH,,standard,CORDIS:882399689,CORDIS organisationID=882399689; shortName=Centre National de Formation et de Recherche en Santé Rurale de Maferinyah; activityType=REC,no_match,high,No corresponding organisation found in official ROR affiliation/name searches or the pinned v2.8 dump.,2026-07-17
case-f0246723a75f,UNIVERSIDAD NACIONAL DE GUINEA ECUATORIAL,GQ,MALABO,https://ror.org/045m93336,standard,CORDIS:909454541,CORDIS organisationID=909454541; shortName=UNGE; activityType=HES,match,high,Official ROR name search and the pinned v2.8 dump identify the same-country record.,2026-07-17
case-e169dc10a410,UNIVERSIDAD SAN PABLO DE GUATEMALA,GT,Guatemala,,standard,CORDIS:889102292,CORDIS organisationID=889102292; activityType=HES,no_match,high,No Guatemalan record found; rejected the similarly named Mexican Universidad San Pablo.,2026-07-17
case-4b1165e34236,University of Guam,GU,Mangilao,https://ror.org/00376bg92,standard,CORDIS:908150764,CORDIS organisationID=908150764; shortName=University of Guam; activityType=PUB,match,high,Official ROR affiliation endpoint selected the same-country record; pinned v2.8 record corroborates it.,2026-07-17
case-2a2ccd984727,Comité Nacional de Ética em Pesquisa na Saúde (CNEPS),GW,Bissau,,multilingual,CORDIS:917086986,CORDIS organisationID=917086986; activityType=PUB,no_match,high,No corresponding organisation found in official ROR affiliation/name searches or the pinned v2.8 dump.,2026-07-17
case-2b37522a2f41,University of Hong Kong,HK,Hong Kong,https://ror.org/02zhqgq86,standard,CORDIS:901812881,CORDIS organisationID=901812881; activityType=PRC,match,high,Official ROR affiliation endpoint selected the same-country record; pinned v2.8 record corroborates it.,2026-07-17
case-9fa546614548,Splitsko-dalmatinska županija,HR,Split,,multilingual,CORDIS:996539201,CORDIS organisationID=996539201; activityType=PUB,no_match,high,No corresponding organisation found in official ROR affiliation/name searches or the pinned v2.8 dump.,2026-07-17
case-2159e5425e87,LES CENTRES GHESKIO,HT,Port-Au-Prince,https://ror.org/04hbame29,standard,CORDIS:999554640,CORDIS organisationID=999554640; shortName=GHESKIO; activityType=REC,match,high,"Official ROR record for GHESKIO Centers; acronym, country and organisation identity agree.",2026-07-17
case-5328b00e9a41,AITIA INTERNATIONAL INFORMATIKAI ZARTKORUEN MUKODO RT,HU,Budapest,https://ror.org/02fwr8382,standard,CORDIS:997393577,CORDIS organisationID=997393577; shortName=AITIA INTERNATIONAL; activityType=PRC,match,high,Official ROR record for AITIA International; legal-name variant and website agree.,2026-07-17
case-5bfe3a16c889,UNIVERSITAS MUHAMMADIYAH PONTIANAK,ID,Pontianak,https://ror.org/04s11gh14,standard,CORDIS:908038729,CORDIS organisationID=908038729; shortName=UNIVERSITAS MUHAMMADIYAH PONTIANAK; activityType=HES,match,high,Official ROR affiliation endpoint selected the same-country record; pinned v2.8 record corroborates it.,2026-07-17
case-a8422dab948e,PERACTON LIMITED,IE,Galway,,short_name,CORDIS:937904447,CORDIS organisationID=937904447; shortName=PERACTON; activityType=PRC,no_match,high,No corresponding organisation found in official ROR affiliation/name searches or the pinned v2.8 dump.,2026-07-17
case-277f81ee6aec,ENSPIRE SCIENCE LTD,IL,REHOVOT,,standard,CORDIS:905336988,CORDIS organisationID=905336988; activityType=PRC,no_match,high,No corresponding organisation found in official ROR affiliation/name searches or the pinned v2.8 dump.,2026-07-17
case-ace3af86a4c4,ETHOS LIMITED,IM,DOUGLAS,,short_name,CORDIS:886558758,CORDIS organisationID=886558758; shortName=ETHOS LIMITED; activityType=PRC,no_match,high,No corresponding organisation found in official ROR affiliation/name searches or the pinned v2.8 dump.,2026-07-17
case-06b7a42e7e87,INTERNATIONAL INSTITUTE OF MIGRATION AND DEVELOPMENT,IN,TRIVANDRUM,,standard,CORDIS:883387731,CORDIS organisationID=883387731; activityType=REC,no_match,high,No corresponding organisation found in official ROR affiliation/name searches or the pinned v2.8 dump.,2026-07-17
case-2f93891ec1d6,Yazda Al Iraq Organization,IQ,Duhok,,standard,CORDIS:896083479,CORDIS organisationID=896083479; shortName=Yazda; activityType=OTH,no_match,high,No corresponding organisation found in official ROR affiliation/name searches or the pinned v2.8 dump.,2026-07-17
case-ab2c7440b625,INSTITUTE FOR RESEARCH IN FUNDAMENTAL SCIENCES (IPM),IR,TEHRAN,https://ror.org/04xreqs31,standard,CORDIS:929067553,CORDIS organisationID=929067553; shortName=IPM; activityType=REC,match,high,Official ROR name search and the pinned v2.8 dump identify the same-country record.,2026-07-17
case-33fc8773ac01,ISLENSKI SJAVARKLASINN EHF,IS,Reykjavik,,standard,CORDIS:906225605,CORDIS organisationID=906225605; shortName=Iceland Ocean Cluster; activityType=PRC,no_match,high,No corresponding organisation found in official ROR affiliation/name searches or the pinned v2.8 dump.,2026-07-17
case-895104975799,FONDAZIONE ACRA ETS,IT,MILANO,,standard,CORDIS:975336456,CORDIS organisationID=975336456; shortName=ACRA; activityType=OTH,no_match,high,No corresponding organisation found in official ROR affiliation/name searches or the pinned v2.8 dump.,2026-07-17
case-c2dbaac23501,THE UNIVERSITY OF THE WEST INDIES U WI*,JM,Kingston,https://ror.org/03fkc8c64,standard,CORDIS:999871248,CORDIS organisationID=999871248; shortName=UWI; activityType=HES,match,medium,Selected the Mona/Kingston campus record because the CORDIS country and city are Jamaica.,2026-07-17
case-b4507ac780a2,HASHEMITE UNIVERSITY,JO,ZARQA,https://ror.org/04a1r5z94,short_name,CORDIS:991910070,CORDIS organisationID=991910070; shortName=HU; activityType=REC,match,high,Official ROR affiliation endpoint selected the same-country record; pinned v2.8 record corroborates it.,2026-07-17
case-bc2146d7dce3,NATIONAL INSTITUTE FOR ENVIRONMENTAL STUDIES,JP,Tsukuba,https://ror.org/02hw5fp67,standard,CORDIS:986399112,CORDIS organisationID=986399112; shortName=NIES; activityType=REC,match,high,Official ROR affiliation endpoint selected the same-country record; pinned v2.8 record corroborates it.,2026-07-17
case-f8c09d181cae,UNIVERSITY OF KABIANGA,KE,KERICHO,https://ror.org/03rk9qf06,standard,CORDIS:913866683,CORDIS organisationID=913866683; shortName=University of Kabianga; activityType=HES,match,high,Official ROR affiliation endpoint selected the same-country record; pinned v2.8 record corroborates it.,2026-07-17
case-9178bd83e918,ANTICORRUPTION BUSINESS COUNCIL OF THE KYRGYZ REPUBLIC,KG,BISHKEK,,standard,CORDIS:897498612,CORDIS organisationID=897498612; activityType=PUB,no_match,high,No Kyrgyz council record found; rejected an unrelated US API candidate.,2026-07-17
case-b7e2b41f1b02,ROYAL UNIVERSITY OF AGRICULTURE,KH,Phnom Penh,https://ror.org/033dmae14,standard,CORDIS:994168036,CORDIS organisationID=994168036; shortName=RUA; activityType=HES,match,high,Official ROR record for the Royal University of Agriculture; country agrees.,2026-07-17
case-641d699d2907,UNIVERSITE DES COMORES,KM,Moroni,,standard,CORDIS:913877256,CORDIS organisationID=913877256; shortName=UDC; activityType=HES,no_match,high,No Universite des Comores record found in official searches or the pinned dump.,2026-07-17
case-8dfbb110cfc6,iNGR Inc.,KR,Andong-si,https://ror.org/05jv9bv25,short_name,CORDIS:869711216,CORDIS organisationID=869711216; shortName=iNGR Inc.; activityType=PRC,match,high,Official ROR name search and the pinned v2.8 dump identify the same-country record.,2026-07-17
case-e2343a3131d4,The Public Authority for Applied Education and Training,KW,Kuwait,https://ror.org/024242h31,standard,CORDIS:885547727,CORDIS organisationID=885547727; shortName=The Public Authority for Applied Education and Training; activityType=HES,match,high,Official ROR affiliation endpoint selected the same-country record; pinned v2.8 record corroborates it.,2026-07-17
case-9657e9e60b22,ULBI METALLURGYALTZ ZAUYTY,KZ,UST KAMENOGORSK,,standard,CORDIS:870076712,CORDIS organisationID=870076712; activityType=PRC,no_match,high,No Ulba Metallurgical Plant record found in official searches or the pinned dump.,2026-07-17
case-e21203655676,PARTICIPATORY DEVELOPMENT KNOWLEDGE AGENCY,LA,VIENTIANE,,standard,CORDIS:892816228,CORDIS organisationID=892816228; shortName=PARTICIPATORY DEVELOPMENT KNOWLEDGE AGENCY; activityType=PRC,no_match,high,No corresponding organisation found in official ROR affiliation/name searches or the pinned v2.8 dump.,2026-07-17
case-b0da530019c3,OFFICE D'EXPLOITATION DU PORT DE TRIPOLI,LB,Tripoli,,standard,CORDIS:906155862,CORDIS organisationID=906155862; shortName=OEPT; activityType=PUB,no_match,high,No corresponding organisation found in official ROR affiliation/name searches or the pinned v2.8 dump.,2026-07-17
case-9b1ed326e075,LIECHTENSTEIN-INSTITUT,LI,GAMPRIN-BENDERN,https://ror.org/02v7y7w12,short_name,CORDIS:940679035,CORDIS organisationID=940679035; activityType=REC,match,high,Official ROR affiliation endpoint selected the same-country record; pinned v2.8 record corroborates it.,2026-07-17
case-193f053b7a48,UNIVERSITY OF SRI JAYEWARDENEPURA,LK,Nugegoda,https://ror.org/02rm76t37,standard,CORDIS:992678019,CORDIS organisationID=992678019; activityType=HES,match,high,Official ROR affiliation endpoint selected the same-country record; pinned v2.8 record corroborates it.,2026-07-17
case-409b1d1a1b67,STEALTH MARITIME CORP. S.A.,LR,MONROVIA,,standard,CORDIS:915163961,CORDIS organisationID=915163961; activityType=PRC,no_match,high,No corresponding organisation found in official ROR affiliation/name searches or the pinned v2.8 dump.,2026-07-17
case-b7f2ee105bf5,MINISTRY OF HEALTH LESOTHO,LS,Maseru,https://ror.org/04yadxf37,standard,CORDIS:885353145,CORDIS organisationID=885353145; shortName=Ministry of Health; activityType=PUB,match,high,Official ROR record has the same ministry name and Lesotho country.,2026-07-17
case-381235478129,UAB AVODES,LT,Kaunas,,short_name,CORDIS:891900548,CORDIS organisationID=891900548; activityType=PRC,no_match,high,No corresponding organisation found in official ROR affiliation/name searches or the pinned v2.8 dump.,2026-07-17
case-9772f7df84ad,OBIZCO,LU,Capellen,,acronym,CORDIS:888913045,CORDIS organisationID=888913045; activityType=PRC,no_match,high,No corresponding organisation found in official ROR affiliation/name searches or the pinned v2.8 dump.,2026-07-17
case-cfe8e364504e,RIGAS PLANOSANAS REGIONS,LV,Riga,,standard,CORDIS:970538448,CORDIS organisationID=970538448; activityType=PUB,no_match,high,No corresponding organisation found in official ROR affiliation/name searches or the pinned v2.8 dump.,2026-07-17
case-705d847967ba,SEBHA UNIVERSITY,LY,SEBHA,https://ror.org/04m1ha467,short_name,CORDIS:917175741,CORDIS organisationID=917175741; shortName=SEBHA UNIVERSITY; activityType=HES,match,high,Official ROR affiliation endpoint selected the same-country record; pinned v2.8 record corroborates it.,2026-07-17
case-55747c40c3bd,GREEN ENERGY PARK,MA,BENGUERIR,,standard,CORDIS:906552980,CORDIS organisationID=906552980; shortName=GEP; activityType=REC,no_match,high,No Green Energy Park Morocco record found in official searches or the pinned dump.,2026-07-17
case-58c7f0df1669,Centre Scientifique de Monaco,MC,Monaco,https://ror.org/04kptf457,standard,CORDIS:962018453,CORDIS organisationID=962018453; shortName=CSM; activityType=REC,match,high,Official ROR affiliation endpoint selected the same-country record; pinned v2.8 record corroborates it.,2026-07-17
case-d90e36d1a6e5,ACADEMIA DE STUDII ECONOMICE DIN MOLDOVA,MD,CHISINAU,https://ror.org/04d26v797,standard,CORDIS:951511510,CORDIS organisationID=951511510; shortName=ASEM; activityType=HES,match,high,Romanian official name is the Academy of Economic Studies of Moldova; country agrees.,2026-07-17
case-13f2417f8b2c,REGIONAL SCHOOL OF PUBLIC ADMINISTRATION,ME,Danilovgrad,,standard,CORDIS:893910485,CORDIS organisationID=893910485; shortName=REGIONALNA SKOLA ZA DRZAVNU UPRAVU DANILOVGRAD; activityType=PUB,no_match,medium,No ReSPA Montenegro record found; rejected the Brazilian school returned by the affiliation endpoint.,2026-07-17
case-85c3028afb78,Institut Pasteur de Madagascar,MG,Antananarivo,https://ror.org/03fkjvy27,standard,CORDIS:986872084,CORDIS organisationID=986872084; shortName=IPM; activityType=REC,match,high,Official ROR affiliation endpoint selected the same-country record; pinned v2.8 record corroborates it.,2026-07-17
case-d0946479e9d6,Minerva Marine INC,MH,Majuro,,standard,CORDIS:877889480,CORDIS organisationID=877889480; shortName=Minerva Marine INC; activityType=PRC,no_match,high,No corresponding organisation found in official ROR affiliation/name searches or the pinned v2.8 dump.,2026-07-17
case-16ad9d52d05d,REGIONAL RURAL DEVELOPMENT STANDINGWORKING GROUP IN SEE,MK,Skopje,,standard,CORDIS:913380131,CORDIS organisationID=913380131; shortName=SWG RRD SECRETARIAT OF THE REGIONAL RURAL DEVELOPMENT STANDING WORKING GROUP; activityType=PUB,no_match,high,No corresponding organisation found in official ROR affiliation/name searches or the pinned v2.8 dump.,2026-07-17
case-c010279a1900,UNIVERSITE DES SCIENCES DES TECHNIQUES ET DES TECHNOLOGIES DE BAMAKO,ML,Bamako,https://ror.org/023rbaw78,standard,CORDIS:954303946,CORDIS organisationID=954303946; shortName=USTTB; activityType=HES,match,high,Official ROR name search and the pinned v2.8 dump identify the same-country record.,2026-07-17
case-e8f5692e3aba,MONGOLIAN NATIONAL UNIVERSITY OF MEDICAL SCIENCES,MN,Ulaanbaatar,https://ror.org/00gcpds33,standard,CORDIS:928397380,CORDIS organisationID=928397380; shortName=MNUMS; activityType=HES,match,high,Official ROR affiliation endpoint selected the same-country record; pinned v2.8 record corroborates it.,2026-07-17
case-084ba5febb00,UNIVERSIDADE DE MACAU,MO,Taipa,https://ror.org/01r4q9n85,standard,CORDIS:920828761,CORDIS organisationID=920828761; shortName=UNIVERSITY OF MACAU; activityType=HES,match,high,Official ROR name search and the pinned v2.8 dump identify the same-country record.,2026-07-17
case-b175323c2158,Department of Land and Natural Resources,MP,Saipan,https://ror.org/00dq20h52,standard,CORDIS:875307243,CORDIS organisationID=875307243; activityType=OTH,match,high,Selected the CNMI Department of Lands and Natural Resources; country and Saipan context reject the Hawaii homonym.,2026-07-17
case-3781808448e5,UNIVERSITE DE NOUAKCHOTT,MR,NOUAKCHOTT OUEST,https://ror.org/00pt67k84,standard,CORDIS:922659442,CORDIS organisationID=922659442; activityType=HES,match,high,Official ROR name search and the pinned v2.8 dump identify the same-country record.,2026-07-17
case-cef9abe4eff1,Blue EcoTech LTD,MT,San Paul's Bay,,standard,CORDIS:888430761,CORDIS organisationID=888430761; shortName=Blue EcoTech; activityType=PRC,no_match,high,No corresponding organisation found in official ROR affiliation/name searches or the pinned v2.8 dump.,2026-07-17
case-052d8775c202,INNOVATION FOR POLICY FOUNDATION,MU,Ebene,,standard,CORDIS:896298237,CORDIS organisationID=896298237; activityType=OTH,no_match,high,No corresponding organisation found in official ROR affiliation/name searches or the pinned v2.8 dump.,2026-07-17
case-287e86c9d7c0,DHIVEHI RAAJEYGE QAUMEE UNIVERSITY,MV,MALE,https://ror.org/00dbrh564,standard,CORDIS:921155651,CORDIS organisationID=921155651; shortName=THE MALDIVES NATIONAL UNIVERSITY; activityType=HES,match,high,Dhivehi query and CORDIS English short name both identify Maldives National University.,2026-07-17
case-f4effa6a46d3,COUNCIL OF MALAWI UNIVERSITY OF SCIENCE AND TECHNOLOGY,MW,Blantyre,https://ror.org/027vmhf17,standard,CORDIS:919115256,CORDIS organisationID=919115256; shortName=MALAWI UNIVERSITY OF SCIENCE AND TECHNOLOGY; activityType=HES,match,high,Official ROR affiliation endpoint selected the same-country record; pinned v2.8 record corroborates it.,2026-07-17
case-8d22503c2c7a,TECNOLOGICO NACIONAL DE MEXICO,MX,Cuauhtemoc,https://ror.org/00davry38,standard,CORDIS:918939589,CORDIS organisationID=918939589; activityType=HES,match,high,Official ROR affiliation endpoint selected the same-country record; pinned v2.8 record corroborates it.,2026-07-17
case-488c6f522d7f,UNIVERSITI PUTRA MALAYSIA,MY,Selangor Darul Ehsan,https://ror.org/02e91jd64,standard,CORDIS:999650282,CORDIS organisationID=999650282; shortName=UPM; activityType=HES,match,high,Official ROR affiliation endpoint selected the same-country record; pinned v2.8 record corroborates it.,2026-07-17
case-c03637f019ec,FUNDACAO MANHICA,MZ,VILA DA MANHICA MAPUTO,,short_name,CORDIS:954910390,CORDIS organisationID=954910390; shortName=FM; activityType=REC,no_match,medium,No record for the legal entity Fundacao Manhica; did not conflate it with the operating Manhica Health Research Centre (CISM).,2026-07-17
case-2b136f6b95b0,ONGWE MINERALS (PTY) LTD,NA,Windhoek,,standard,CORDIS:879778264,CORDIS organisationID=879778264; activityType=PRC,no_match,high,No corresponding organisation found in official ROR affiliation/name searches or the pinned v2.8 dump.,2026-07-17
case-2d7bf77ca3d7,CENTRE DU NICKEL RECHERCHE TECHNOLOGIE ENVIRONNEMENT COMPETITIVITE,NC,NOUMEA,,standard,CORDIS:951943354,CORDIS organisationID=951943354; shortName=CNRTEC; activityType=REC,no_match,high,No corresponding organisation found in official ROR affiliation/name searches or the pinned v2.8 dump.,2026-07-17
case-ebef92006d1f,AFRICAN CENTRE OF METEOROLOGICAL APPLICATION DEVELOPMENT,NE,Niamey,https://ror.org/03777v328,standard,CORDIS:998883012,CORDIS organisationID=998883012; shortName=ACMAD CAAM; activityType=REC,match,high,ACMAD acronym and expanded official name identify the same Niger-based regional centre.,2026-07-17
case-f8702e5922a4,CENTRE FOR INTEGRATED HEALTH PROGRAMS LTD/GTE,NG,Abuja,https://ror.org/03wtrat67,standard,CORDIS:880817522,CORDIS organisationID=880817522; shortName=Centre for Integrated Health Programs; activityType=REC,match,high,Official ROR affiliation endpoint selected the same-country record; pinned v2.8 record corroborates it.,2026-07-17
case-16fbb3657565,FUNDACION NICAFRANCE,NI,MANAGUA,,short_name,CORDIS:922563412,CORDIS organisationID=922563412; activityType=REC,no_match,high,No corresponding organisation found in official ROR affiliation/name searches or the pinned v2.8 dump.,2026-07-17
case-88ec945e7e1c,SMARTFARMING B.V.,NL,WAGENINGEN,,short_name,CORDIS:887868646,CORDIS organisationID=887868646; activityType=PRC,no_match,high,No corresponding organisation found in official ROR affiliation/name searches or the pinned v2.8 dump.,2026-07-17
case-e1b93cd9b0e4,F3NICE AS,NO,Bergen,,short_name,CORDIS:888134814,CORDIS organisationID=888134814; activityType=PRC,no_match,high,No corresponding organisation found in official ROR affiliation/name searches or the pinned v2.8 dump.,2026-07-17
case-0187451a19cc,NEPAL DEVELOPMENT SOCIETY,NP,BHARATPUR,,standard,CORDIS:907221892,CORDIS organisationID=907221892; activityType=OTH,no_match,high,No corresponding organisation found in official ROR affiliation/name searches or the pinned v2.8 dump.,2026-07-17
case-e8abfb87bed3,"Department of Environment, Government of Niue",NU,Alofi,,standard,CORDIS:872541773,CORDIS organisationID=872541773; shortName=Department of Environment; activityType=PUB,no_match,high,No ROR record found for the Government of Niue Department of Environment.,2026-07-17
case-bd79582d0181,UNIVERSITY OF CANTERBURY,NZ,CHRISTCHURCH,https://ror.org/03y7q9t39,standard,CORDIS:999873673,CORDIS organisationID=999873673; activityType=HES,match,high,Official ROR affiliation endpoint selected the same-country record; pinned v2.8 record corroborates it.,2026-07-17
case-46994e9b7a5f,Environment Society of Oman,OM,Muscat,,standard,CORDIS:869541466,CORDIS organisationID=869541466; shortName=Environment Society of Oman; activityType=REC,no_match,high,No corresponding organisation found in official ROR affiliation/name searches or the pinned v2.8 dump.,2026-07-17
case-f066270a39d7,LATSCO MARINE MANAGEMENT INC,PA,PANAMA,,standard,CORDIS:896736677,CORDIS organisationID=896736677; activityType=PRC,no_match,high,No corresponding organisation found in official ROR affiliation/name searches or the pinned v2.8 dump.,2026-07-17
case-57a2f8454bac,UNIVERSIDAD CIENTIFICA DEL SUR SAC,PE,LIMA,https://ror.org/04xr5we72,standard,CORDIS:888064683,CORDIS organisationID=888064683; shortName=UNIVERSIDAD CIENTIFICA DEL SUR SAC; activityType=HES,match,high,Official ROR affiliation endpoint selected the same-country record; pinned v2.8 record corroborates it.,2026-07-17
case-fb7b8fae1f22,UNIVERSITE DE LA POLYNESIE FRANCAISE,PF,TAHITI,https://ror.org/03ay59x86,standard,CORDIS:940867118,CORDIS organisationID=940867118; shortName=UPF; activityType=HES,match,high,Official ROR name search and the pinned v2.8 dump identify the same-country record.,2026-07-17
case-78ae30d93945,University of Papua New Guinea,PG,Port Moresby,https://ror.org/05jxf0p38,standard,CORDIS:991044054,CORDIS organisationID=991044054; activityType=HES,match,high,Official ROR affiliation endpoint selected the same-country record; pinned v2.8 record corroborates it.,2026-07-17
case-82f6704eadcc,Mindanao State University -Iligan Institute of Tecnhology,PH,Iiligan City,https://ror.org/00qemyc07,standard,CORDIS:946002977,CORDIS organisationID=946002977; shortName=MSU-IIT; activityType=PRC,match,high,Official ROR record matches Mindanao State University-Iligan Institute of Technology despite punctuation and source typo.,2026-07-17
case-f6ae1a659fa2,"Citrus Research Institute, Sargodha",PK,Sargodha,,standard,CORDIS:868787194,CORDIS organisationID=868787194; activityType=REC,no_match,high,No Pakistan record found; rejected the same-named Chinese Citrus Research Institute.,2026-07-17
case-525a54c7a95a,POLITECHNIKA GDANSKA,PL,GDANSK,https://ror.org/006x4sc24,short_name,CORDIS:999588784,CORDIS organisationID=999588784; shortName=GDANSK UNIVERSITY OF TECHNOLOGY; activityType=HES,match,high,Official ROR affiliation endpoint selected the same-country record; pinned v2.8 record corroborates it.,2026-07-17
case-1e8be130dc30,Ancon Global LLC,PR,Aguadilla,,standard,CORDIS:868623555,CORDIS organisationID=868623555; shortName=Endovia Labs LLC; activityType=PRC,no_match,high,No corresponding organisation found in official ROR affiliation/name searches or the pinned v2.8 dump.,2026-07-17
case-3c2c4cdd83fb,BIRZEIT UNIVERSITY,PS,BIRZEIT,https://ror.org/0256kw398,short_name,CORDIS:999858347,CORDIS organisationID=999858347; shortName=BIRZEIT UNIVERSITY; activityType=HES,match,high,Official ROR affiliation endpoint selected the same-country record; pinned v2.8 record corroborates it.,2026-07-17
case-c63584b6c2c4,FRENESIM DAS ONDAS LDA,PT,Amadora,,standard,CORDIS:887741964,CORDIS organisationID=887741964; activityType=PRC,no_match,high,No corresponding organisation found in official ROR affiliation/name searches or the pinned v2.8 dump.,2026-07-17
case-db79c0490ddd,UNIVERSIDAD NACIONAL DE ASUNCION,PY,ASUNCION,https://ror.org/03f27y887,standard,CORDIS:948924908,CORDIS organisationID=948924908; activityType=HES,match,high,Official ROR name search and the pinned v2.8 dump identify the same-country record.,2026-07-17
case-7971900cf5c9,Hamad Bin Khalifa University,QA,Qatar,https://ror.org/03eyq4y97,standard,CORDIS:878858219,CORDIS organisationID=878858219; shortName=Hamad Bin Khalifa University; activityType=HES,match,high,Official ROR affiliation endpoint selected the same-country record; pinned v2.8 record corroborates it.,2026-07-17
case-e047289ff76d,ASOCIATA PRODUCATORILOR DE CARNE DE PORC DIN ROMANIA,RO,BUCURESTI,,standard,CORDIS:889428794,CORDIS organisationID=889428794; shortName=APCPR; activityType=OTH,no_match,high,No corresponding organisation found in official ROR affiliation/name searches or the pinned v2.8 dump.,2026-07-17
case-f5372a2be911,INSTITUT ZA ONKOLOGIJU VOJVODINE-ONCOLOGY INSTITUTE OF VOJVODINA IOV,RS,Sremska Kamenica,https://ror.org/0194xa029,standard,CORDIS:953383028,CORDIS organisationID=953383028; shortName=IOV; activityType=REC,match,high,Official ROR affiliation endpoint selected the same-country record; pinned v2.8 record corroborates it.,2026-07-17
case-97057e4503a5,AFRICAN PHARMACEUTICAL TECHNOLOGY FOUNDATION,RW,KIGALI,,standard,CORDIS:873091763,CORDIS organisationID=873091763; shortName=AFRICAN PHARMACEUTICAL TECHNOLOGY FOUNDATION; activityType=OTH,no_match,high,No corresponding organisation found in official ROR affiliation/name searches or the pinned v2.8 dump.,2026-07-17
case-962fc2f68cc2,King Faisal University,SA,,https://ror.org/00dn43547,standard,CORDIS:951793489,CORDIS organisationID=951793489; activityType=PRC,match,high,Official ROR affiliation endpoint selected the same-country record; pinned v2.8 record corroborates it.,2026-07-17
case-6c9af340d9f7,SOLOMON ISLANDS NATIONAL UNIVERSITY,SB,Honiara,https://ror.org/050dyr068,standard,CORDIS:900285519,CORDIS organisationID=900285519; activityType=HES,match,high,Official ROR affiliation endpoint selected the same-country record; pinned v2.8 record corroborates it.,2026-07-17
case-7ed3c0278c18,SEYCHELLES ISLANDS FOUNDATION,SC,VICTORIA,,standard,CORDIS:870149753,CORDIS organisationID=870149753; activityType=REC,no_match,high,No corresponding organisation found in official ROR affiliation/name searches or the pinned v2.8 dump.,2026-07-17
case-d4ea79479df2,ALMANAR VOLUNTARY ORGANIZATION,SD,Khartoum,,standard,CORDIS:909827215,CORDIS organisationID=909827215; shortName=ASSOCIATION OF ALMANAR NON-GOVERNMENTALORGANIZATION AMVO; activityType=OTH,no_match,high,No corresponding organisation found in official ROR affiliation/name searches or the pinned v2.8 dump.,2026-07-17
